reads,c7
CGGCGTCCGAATTGTAGTCT,17894
CCTCTTTTTGGACCCAAGGTCGGCT,11926
TCTTTTTGGACCCAAGGTCGGCT,8776
CTCTTTTTGGACCCAAGGTCGGCT,26357
CGCGGATTGCGATGGTGGCCC,7094
TCGGCGTCCGAATTGTAGTCT,67770
CTCGGCGTCCGAATTGTAGTCT,74534
ATAAATAACAATACCGGGCTC,4667
GCACATGGGTTAGTCGATC,23002
ATCGGGTTAAAATTCCTGAACCGGG,8751
GACCTATACCCGGCCGTCGGGGC,3349
TCGGCGTCCGAATTGTAGTCTGGA,10961
ACAATAAATAACAATACCGGGCTC,5068
AAATAACAATACCGGGCTC,3322
CTTTGAACGCAAGTTGCGCCCG,2527
TAACTCGTCGGATCGCACGGCC,4356
TCGGCGTCCGAATTGTAGTCTGGAG,5886
AACACCACAGGATTCTGATCCT,2447
CAATAAATAACAATACCGGGCTC,5575
ACCTATACCCGGCCGTCGGGGC,2493
AACGAACGAGACCTCAGCCTGCT,2583
AATAACAATACCGGGCTC,6185
ACGTTGTGAGAAGTCCACTGAACCT,3750
ACACCACAGGATTCTGATCCT,2028
CACCACAGGATTCTGATCCT,3590
ATGTAGGCAAGGGAAGTCGGCA,2065
GAGACGTCATCATCGCGATTGTGGA,14734
TCGGCGTCCGAATTGTAGTCTG,5986
AACGAACGAGACCTCAGCC,1714
TGAACGCAAGTTGCGCCCGAAGCC,14125
ATAACACCACAGGATTCTGATCCT,2304
TTTGAACGCAAGTTGCGCCCGAAGC,4804
TCTTTGAACGCAAGTTGCGCCCGA,1841
GCACATGGGTTAGTCGATCC,6086
TCTTTGAACGCAAGTTGCGCCCG,3704
AGGACTCCGCTGGCACCT,1906
AACTGGTACGGACAAGGGGAA,1547
TCGGCGTCCGAATTGTAGTC,1999
GAACTGGTACGGACAAGGGGAATCC,2829
AACTGGTACGGACAAGGGGAATCC,6353
TTGGGTTGGGTCGATCGGTCCGCC,1400
TAACACCACAGGATTCTGATCCT,2417
TCGGCGTCCGAATTGTAGTCTGG,4198
ACGTTGTGAGAAGTCCACTGAACC,1304
GGAGACGTCATCATCGCGATTGT,1423
ACCGTGCGTTGGATTATGACTG,6812
ACCGTGCGTTGGATTATGACTGA,4200
GCACATGGGTTAGTCGATCCT,3218
TAACGAACGAGACCTCAGCCTGCT,1790
ACTGGTACGGACAAGGGGAA,1545
ACTCAGAACTGGTACGGAC,1239
TAGGACTCCGCTGGCACCT,2473
GTGAACCATCGAGTCTTTGAACGCA,1577
GTCTTTGAACGCAAGTTGCGCCCGA,1119
AGAACTGGTACGGACAAGGGGAATC,4187
AACTGGTACGGACAAGGGGAATC,4206
AAATAACAATACCGGGCT,1245
CCTCTTTTTGGACCCAAGGTCGGC,13220
GCGTCCGAATTGTAGTCT,1451
ATCCGGGCTAGAAGCGACGC,1172
TAGGACTCCGCTGGCACCTT,1416
AATGTAGGCAAGGGAAGTCGGCA,2198
GACGTCATCATCGCGATTGTGGA,1117
AGACGTCATCATCGCGATTGTGGA,7327
TGCACATGGGTTAGTCGATC,4620
CTTGCACATGGGTTAGTCGATC,983
AATCCGGGCTAGAAGCGAC,959
ACGAACGAGACCTCAGCCTGCT,959
AATCCGGGCTAGAAGCGACGC,1411
CAGAATCCGGGCTAGAAGCGACGC,1821
AGAGGGTGAGAGCCCCGTCGTGCC,935
AGAATCCGGGCTAGAAGCGACGC,3174
CCGTGCGTTGGATTATGACTG,909
TACCGTGCGTTGGATTATGACTG,20242
CTTGCACATGGGTTAGTCGATCC,925
GTCGGCAAAATGGATCCGTAACCT,1069
AACGAACGAGACCTCAGCCTGCTA,881
TACCGTGCGTTGGATTATGAC,6805
ACTGGTACGGACAAGGGGAATCC,4895
AGGACTCCGCTGGCACCTT,958
CCTATACCCGGCCGTCGGGGC,1027
GAGACGTCATCATCGCGATTGT,2513
TGAACGCAAGTTGCGCCCGA,831
TGTCCTAAGATGAGCTCAACGAGA,994
CACATGGGTTAGTCGATCCTAAG,803
CTCTTTTTGGACCCAAGGTCGGC,22334
CAATAAATAACAATACCGGGCT,2181
ACAATAAATAACAATACCGGGCT,1849
ATTCGCACAATTGGTCATCGCGCT,2050
CTCGGCGTCCGAATTGTAGTCTG,7530
ATGTAGGCAAGGGAAGTCGGC,1772
CGCGGATTGCGATGGTGGCC,2321
GCACATGGGTTAGTCGATCCTAAG,2878
TTAGGACTCCGCTGGCACCT,1595
ACATGGGTTAGTCGATCC,5353
CACTTGCACATGGGTTAGTCGATCC,2895
TACCGTGCGTTGGATTATGACTGA,11649
CTCGGCGTCCGAATTGTAGTCTGGA,6775
TGAACGCAAGTTGCGCCCGAAGC,1604
AACGAACGAGACCTCAGCCTGC,945
CAGACTGTGAAACTGCGAATGGCTC,959
AGGGTGAGAGCCCCGTCGTGCCC,1102
TTTTAGGACTCCGCTGGCACCT,720
CTCGGCGTCCGAATTGTAGTCTGG,5736
AGGGTGAGAGCCCCGTCGTGCCCG,1322
ACAGTGTCGCAATAGTAATTCAACC,1669
GAACTGGTACGGACAAGGGGAATC,2145
GAACGAAAGTTGGGGGCTCGA,1528
ACGCGGATTGCGATGGTGGCCC,4096
GCGGATTGCGATGGTGGCCC,1182
TACGGACAAGGGGAATCCGACTGTT,828
GAAATTTCATCGTGATGGGGAT,698
AGACTGTGAAACTGCGAATGGCTC,1299
ATGATAACTCGTCGGATCGCACGGC,1618
AGAATCCGGGCTAGAAGCGACG,1049
AGAGGGTGAGAGCCCCGTCGTGCCC,783
TGAACGCAAGTTGCGCCCG,896
ACTGGTACGGACAAGGGGAATC,3732
CCTTCGGAATTTGAAGCTAGAGG,3493
TGCACATGGGTTAGTCGATCCT,1642
TCTTTGAACGCAAGTTGCGCCC,685
TAACGAACGAGACCTCAGCCTGCTA,763
AGAACTGGTACGGACAAGGGGAA,795
CTCGGCGTCCGAATTGTAGTC,2272
ACCGTGCGTTGGATTATGACTGAA,1127
AGTCAGAATCCGGGCTAGAAGCGAC,1574
ACCACAGGATTCTGATCCT,898
GCACATGGGTTAGTCGATCCTA,1066
TTCGCACAATTGGTCATCGCGCT,1274
TAGGTAGGACGGTGCGGCT,800
CACCAAGTGTTGGATTGTTCACCC,839
CAGCTTCTTAGAGGGACTATGGCCG,632
AGGGTGAGAGCCCCGTCGTGCCCGG,2358
TAACGAACGAGACCTCAGCCTGC,770
CACTTGCACATGGGTTAGTCGATC,2041
TGCCGGTCGGGGGACGGATTGGGA,917
ATGATTCATGATAACTCGTCGGATC,1063
GACGTCATCATCGCGATTGTGGATG,1499
GACGCGGATTGCGATGGTGGCCC,949
GTGAACCATCGAGTCTTTGAACGC,733
CATGGGTTAGTCGATCCT,636
TCTTTTTGGACCCAAGGTCGGC,7291
TAAATAGGTAGGACGGTGCGGCT,1757
TGCACATGGGTTAGTCGATCC,3275
ATAAATAACAATACCGGGCT,1843
ATACCCGGCCGTCGGGGC,3159
ACCAAGTGTTGGATTGTTCACCC,711
GGCGTCCGAATTGTAGTCTG,660
CCAGCTTCTTAGAGGGACTATGGCC,4123
TGCACCGGTCGGCTCGTCCCT,654
CACTGATGTATTCAACGAG,526
GTACGGACAAGGGGAATC,2384
TAGGACTCCGCTGGCACCTTATGAG,578
GAATCCGGGCTAGAAGCGACGC,662
AGGGTGAGAGCCCCGTCGTGCC,518
CTTTTTGGACCCAAGGTCGGC,1127
AACGAAAGTTGGGGGCTCGA,1083
CGAGGCAAACTCTGAATACTAGATA,738
GGCGTCCGAATTGTAGTCTGGAGA,492
CGCGGATTGCGATGGTGGCCCA,2957
AATTAGAGTGCTCAAAGCAAGCCT,494
TGAAAATCCGGAGGACCGA,665
CACCAAGTGTTGGATTGTTCACC,759
ACGAGACCTCAGCCTGCT,1954
GTACGGACAAGGGGAATCC,1108
CCGGTGTGCACCGGTCGGCTC,628
CCCTCGGCGTCCGAATTGTAGTCT,2162
TTTTAGGACTCCGCTGGCACCTT,796
AACGAGACCTCAGCCTGCT,1076
ATCAAGAACGAAAGTTGGGGGCT,1260
ATAGGTAGGACGGTGCGGCT,1438
TGAACGCAAGTTGCGCCC,467
GCTACCGTGCGTTGGATTATGACTG,2365
AGCCCTTGTCGCTTTGATTCG,920
AATGTAGGCAAGGGAAGTCGGC,1388
AGAACGAAAGTTGGGGGCTCGA,1062
CTTCTTAGAGGGACTATGGCCG,766
TATTCCGTGAATCGGAAGCGGGGC,443
GTCTTTGAACGCAAGTTGCGCCCG,1735
TCAGAATCCGGGCTAGAAGCGACGC,979
TTCCGTCCAAGGCTAAATACTGGC,528
AGAGCCCCGTCGTGCCCGG,1371
AACGAAAGTTGGGGGCTCGAAGAC,2026
TTTTGGACCCAAGGTCGGC,955
CAGAATCCGGGCTAGAAGCGACG,636
TAAATCAGTTATAGTTTGTTTGAT,1339
GCAGCCCCAATCGGGCGGTA,435
CTGGTACGGACAAGGGGAATC,1268
TCGGCCGGTCGATCCGGGC,542
CATCAGCTCGCGTTGACT,2262
AGTCTTTGAACGCAAGTTGCGCCCG,2276
TTAAATAGGTAGGACGGTGCGGCT,1379
TCAAGAACGAAAGTTGGGGGCT,428
GGCGTCCGAATTGTAGTCT,1265
GGAGACGTCATCATCGCGATTG,666
AACGAGACCTCAGCCTGCTAAAT,454
GAACGAAAGTTGGGGGCTCGAAGAC,2936
TTGAAATTTCATCGTGATGGGGAT,614
TTTGGACCCAAGGTCGGC,1363
AGTCTTTGAACGCAAGTTGCGCCC,395
GCACCGGTCGGCTCGTCCC,804
TACCGTGCGTTGGATTATGACTGAA,3596
TTGAAAATCCGGAGGACCGA,1503
TTGAAAATCCGGAGGACC,1612
CACCGGATCCCATCAGAACTCCGC,1362
ACGAGACCTCAGCCTGCTAAAT,636
TTCTTGGATTTATGAAAGACGAAC,387
CGGATGTTGACGCAATGT,931
ACGTCATCATCGCGATTGTGGA,627
GATTAGCCCTACGAGACGCCT,456
ACGAGACCTCAGCCTGCTAAA,555
GGTACGGACAAGGGGAATCC,1665
AACAGCCTCTGGTCGATGGAAC,693
CCTCGGCGTCCGAATTGTAGTCT,2715
TTGGAACCCTGAGCAGACTGCCGGT,4481
AGTGTTGGATTGTTCACCCACCA,577
GGAGACGTCATCATCGCGATT,739
CAACTTTCGATGGTAGGA,1401
TAACTCGTCGGATCGCACG,891
GAAATTCTTGGATTTATGAAAGACG,3500
CCAGCTTCTTAGAGGGACT,574
TGCTTTTAGGACTCCGCTGGCACCT,902
AACGAGACCTCAGCCTGCTAAA,402
TGACAATAAATAACAATACCGGGCT,363
AATCAAGAACGAAAGTTGGGGGCT,896
CCCACCCTGGAAACGGCTC,1175
TTGAACGCAAGTTGCGCCCGAAGCC,2711
CCCTCTTTTTGGACCCAAGGTCGGC,1154
AACGAAAGTTGGGGGCTCGAAG,959
TACGGACAAGGGGAATCC,1027
CTGGTACGGACAAGGGGAATCC,1139
ATTCATGATAACTCGTCGGATCG,765
CCATGAAAATCGGTCGCC,433
TTGGGGGCTCGAAGACGATC,347
CTACCGTGCGTTGGATTATGACTGA,2731
ATTCCGTCCAAGGCTAAATACT,538
CCGGTGAAGTGTTCGGATTGCGGCG,1280
AACGAAAGTTGGGGGCTCGAA,624
CATGATAACTCGTCGGATCGCACG,405
CCTCGGCGTCCGAATTGTAGTCTG,582
CTACTCGGATAACCGTAGT,411
ACAGCCTCTGGTCGATGGAAC,536
AACGGGCTTGGCGGAATC,451
TGCACATGGGTTAGTCGATCCTAAG,866
TCAGACTGTGAAACTGCGAATGGCT,466
CAGTGTCGCAATAGTAATTCAACC,449
AATAGGTAGGACGGTGCGGCT,753
CGAGAATTTCTGGAAGGGCTCCCT,1243
GAGAGCCCCGTCGTGCCCG,570
GAACGAAAGTTGGGGGCTC,697
ACGAGACCTCAGCCTGCTA,542
AAAGCCCACCATGAAAATCGGTC,488
AGGACTCCGCTGGCACCTTATGAG,388
TGCACATGGGTTAGTCGATCCTA,580
GAACGAAAGTTGGGGGCTCGAAGA,1216
GAACGAAAGTTGGGGGCTCGAA,626
TGCTTGGGCGAGAGTAGTACTAGGA,641
GGTACGGACAAGGGGAATC,2090
GAGACGTCATCATCGCGATTG,834
GCGGATTGCGATGGTGGCC,499
TTTGAAATTTCATCGTGATGGGGAT,749
CCCACGCCCGGTCGTACTCA,344
AAATTCCGTCCAAGGCTAA,998
AACGAGACCTCAGCCTGCTAA,356
GGCGTCCGAATTGTAGTCTGGAGAA,315
AATGTAGGCAAGGGAAGTCGGCAA,327
ACATGGGTTAGTCGATCCT,2006
ACCAAGTGTTGGATTGTTCACC,542
TTAAATCAGTTATAGTTTGTTTGAT,388
GAACAGCCTCTGGTCGATGGAAC,572
AGCTTCTTAGAGGGACTATGGCC,579
CCAGCTTCTTAGAGGGAC,606
ACAGTGTCGCAATAGTAATTCAAC,688
TACCGTGCGTTGGATTATGACT,9641
ATTAGCCCTACGAGACGCCT,2575
AACGAAAGTTGGGGGCTCGAAGACG,2659
CAGCTTCTTAGAGGGACTATGGCC,779
TCTTGGATTTATGAAAGACGAAC,549
AGGACTCCGCTGGCACCTTATGAGA,721
ACGAGACCTCAGCCTGCTAA,674
AAGATGAGCTCAACGAGAA,733
GAAGCGATCTCGTACTAAACGAA,393
AATGGATCCGTAACCTCGGGA,295
TTTTTGGACCCAAGGTCGGC,1089
GCCCCTCTTTTTGGACCCAAGGTCG,1970
AATGATTAGAGGCATCGGGGGC,679
TCCGTCCAAGGCTAAATACTG,419
AGACGTCATCATCGCGATTGT,1110
TGGGTTGGGTCGATCGGTCCGCC,356
AAGTCAGAATCCGGGCTAGAAGC,584
AATTTCATCGTGATGGGGA,403
ATTAGAGTGCTCAAAGCAAGCCT,387
TAAGATGAGCTCAACGAGA,618
TCGGCTCGTCCCTTCTGCCGGC,382
ATTCATGATAACTCGTCGGA,395
GTCTTTGAACGCAAGTTGCGCCC,367
AGACGTCATCATCGCGATTGTGGAT,4562
CCTTCGGAATTTGAAGCTAGAGGT,955
TCGGTGGACTGCTCGAGCT,1225
CCCTCGGCGTCCGAATTGTAGTCTG,497
AAGAACGAAAGTTGGGGGCT,473
CCGACCAGGGATCAGCGGA,285
CAGAAATCTCGTGTGGAACA,312
CAATGTAGGCAAGGGAAGTCGGC,353
AGTGTCGCAATAGTAATTCAACC,359
ATTCTTGGATTTATGAAAGACGAAC,1888
CAATAAATAACAATACCGGGC,736
AGAACGAAAGTTGGGGGCT,1204
GAGACGTCATCATCGCGATTGTG,801
GAACGAAAGTTGGGGGCT,1034
CTTGAAAATCCGGAGGACC,294
CCTGCGCGCTCCTGGCGTCGGC,398
AAAAGCCCACCATGAAAATCGGTC,484
GAGACGTCATCATCGCGAT,444
TCAAACTTTAAATAGGTAGGACG,515
AATCCGGGCTAGAAGCGA,254
CGTCCGAATTGTAGTCTGGA,463
AATTTCATCGTGATGGGGAT,256
CGGTGAAGTGTTCGGATTGCGGCG,345
ATAGTTTGTTTGATGGTATC,340
AAGCCCGTCTGATAGCGCT,645
ACGCGGATTGCGATGGTGGCCCA,1759
GATTCGCACAATTGGTCATCGCGCT,528
AGAGTGCTTGAAATTGTCGGGA,599
AATTCCGTCCAAGGCTAAA,446
GCTACCGTGCGTTGGATTATGACT,2188
AGACTGTGAAACTGCGAATGGCTCA,473
CAATGATTAGAGGCATCGGGGGC,823
CTCGTCGGATCGCACGGC,264
CAGCTTCTTAGAGGGACT,283
CATGATAACTCGTCGGATCG,906
TTACCCTACTGATGACAGTGTCGCA,272
AGTTATAGTTTGTTTGATG,519
CGAGGGAAAGATGAAAAGGACT,315
ACCGTGCGTTGGATTATGAC,3720
GCCGGAGGTAGGGTCCAGC,931
AGGAGTCTGACATGTGTGCG,366
CATGATAACTCGTCGGATCGCACGG,241
AACGAAAGTTGGGGGCTCGAAGA,1461
AATTCCGTCCAAGGCTAAATACT,610
GACGCGGATTGCGATGGTGGCC,256
ATAAATAACAATACCGGGC,659
GTGCCGGTCGGGGGACGGATTGGGA,1056
AATAAATAACAATACCGGGCT,287
TCAGACTGTGAAACTGCGAATGGC,259
TGCCGACCAGGGATCAGCGGATGT,278
TCTGACTTGGGTATAGGGGC,344
TAATCAAGAACGAAAGTTGGGGGCT,785
GGAGACGTCATCATCGCGAT,262
CACTGATGTATTCAACGAGT,260
ATGAGAACTTTGAAGGCCG,253
AATCAGTTATAGTTTGTTTGAT,561
TTCACCAAGTGTTGGATTGTTCACC,1410
AGAAATCTCGTGTGGAAC,972
CGCGGATTGCGATGGTGGCCCAAG,767
TCTTAGAGGGACTATGGCC,940
AAGTCAGAATCCGGGCTAGAAGCGA,503
CTATACCCGGCCGTCGGGGC,214
AGCCCGGGCGGAGCGGTCGTCG,356
AGAACGAAAGTTGGGGGCTCGAA,450
GTGTCCTAAGATGAGCTCAACGAGA,342
AGCCTCTGGTCGATGGAAC,259
CCTCGGCGTCCGAATTGTAGTCTGG,354
CGAAGAACCTTACCAGGGCT,271
TCGGGGGACGGATTGGGAAC,219
ACCGTGCGTTGGATTATGACT,3345
TTTAAATAGGTAGGACGGTGCGGCT,1229
TACGAGAGGAACCGTTGATTCGCAC,262
ACGCGGATTGCGATGGTGGCC,1321
AGTGTTGGATTGTTCACCCACC,893
AAGTTGGGGGCTCGAAGACGATC,269
ACACCACAGGATTCTGATCC,202
TCAACTTTCGATGGTAGGA,1840
TGAGAGCATACCTGTCGGGACC,305
GGCGTCCGAATTGTAGTCTGGAG,469
AACGCCTCTAAGTCAGAATCCGGGC,203
CACCACAGGATTCTGATCC,368
GATTCATGATAACTCGTCGGATC,231
AAGATGAGCTCAACGAGA,1046
CTGACATGTGTGCGAGTCAACGGGC,332
GCTTTTAGGACTCCGCTGGCACCT,212
TTGGAACCCTGAGCAGACTGCC,282
TAAGATGAGCTCAACGAGAA,394
ATCAGTTATAGTTTGTTTGAT,699
TCGAGAATTTCTGGAAGGGCT,489
GACGCGGATTGCGATGGTGGCCCA,561
ACGCTCTGTATACATTAGCATGGGA,222
AAAGCCCACCATGAAAATCGGTCG,251
GTCGGCTCGTCCCTTCTGCCGGC,238
ATTTCATCGTGATGGGGATAGATCA,255
CGCGGATTGCGATGGTGGC,861
TCAGATACCGTCCTAGTCTC,2198
CCACCCTGGAAACGGCTC,216
AAGTGTTGGATTGTTCACCCACC,1043
GGCGCGAAGCTACCGTGCGTTGGAT,747
ACGAAAGTTGGGGGCTCGA,671
TATACCCGGCCGTCGGGGC,406
ATTCCGTGAATCGGAAGCGGGGC,275
AAGTCAGAATCCGGGCTAGAAGCG,385
GTTATAGTTTGTTTGATG,286
AGAATCCGGGCTAGAAGCGACGCG,287
AAAAGCCCACCATGAAAATCGGTCG,275
TGCTCGTGGAGACGTCATCATCGC,202
TGCTGCCACGATCCACTGAGAT,310
GGAAGCCCGTCTGATAGCGCT,201
AAGGAGTCTGACATGTGTGCG,292
ACGATGGATACTAGGCGCTGTGCGT,428
ATTCCGTCCAAGGCTAAATACTGGC,465
CTACCGTGCGTTGGATTATGACTG,3556
ACCCTATGAGGAAAGAACTCCCA,245
AGACTGTGAAACTGCGAATGGCT,506
CGAGAATTTCTGGAAGGGCT,1200
TGCATGTGTAAGTATGAACT,541
AGCTACCGTGCGTTGGATTATGAC,810
TTGAAAATCCGGAGGACCG,710
ATCATTCAAATTTCTGCCCT,225
ATCAAGAACGAAAGTTGGGGGC,276
TTGCCGACCAGCAGTAGGGGGCC,304
ACGCATCATTCAAATTTCTGCCCT,251
AAATAGGTAGGACGGTGCGGCT,480
ACTGGTACGGACAAGGGGAATCCGA,207
GAGACGTCATCATCGCGATT,1363
AGTTGGGGGCTCGAAGACGATC,203
AGGCAAACTCTGAATACTAGATA,269
TTGAACGCAAGTTGCGCCCGAAGC,241
TGCTGTTACTTTGAAGAAATTAGAG,228
TCCGTCCAAGGCTAAATACT,224
TCGGCAAAATGGATCCGTAACCT,317
AAGATGAGCTCAACGAGAAC,474
CGAGAATTTCTGGAAGGGCTC,895
AAATTCCGTCCAAGGCTA,972
TAACTCGTCGGATCGCACGGC,579
TCGGGGGACGGATTGGGA,387
GCACTTGCACATGGGTTAGTCGATC,748
ACGAAAGTTGGGGGCTCGAAGACG,2211
AGGACTCCGCTGGCACCTTATGA,222
ATCAACTTTCGATGGTAGGA,945
AGACGTCATCATCGCGATT,758
TGAGAGCATACCTGTCGGGACCC,298
ATAACTCGTCGGATCGCACGGC,208
ACGAAAGTTGGGGGCTCGAAGAC,1213
CGGCAAACGGACGGCGGGCGC,510
AGAAATCTCGTGTGGAACA,1103
CAGAAATCTCGTGTGGAAC,480
GGGCGAGAGTAGTACTAGGATG,450
CCCACCCTGGAAACGGCT,393
TAAGTCAGAATCCGGGCT,336
GGGCGAGAGTAGTACTAGGA,413
TTTGAAATTTCATCGTGATGGGGA,285
AATGGATCCGTAACCTCGGG,263
GTCGGGGGCATTCGTATTTCATAGT,306
AGAGGGACTATGGCCGCTTAGGCCA,322
TAGCCCTACGAGACGCCT,249
TCTTGGATTTATGAAAGACGA,226
ACGAAAGTTGGGGGCTCGAAGACGA,2182
AGAGGAACCGTTGATTCGCACA,275
GATTCAGCCCTTGTCGCT,394
TTGGAACCCTGAGCAGACTGCCGG,1881
TCGGCCGGTCGATCCGGGCG,270
ACTGGTACGGACAAGGGGAATCCG,347
ATTAGAGGCATCGGGGGC,632
GAAGCCCGTCTGATAGCG,1800
ACGTCATCATCGCGATTGTGGAT,313
ATCAACTTTCGATGGTAGGAT,268
TCTGACATGTGTGCGAGTCAACGGG,415
AGATTCAGCCCTTGTCGCT,902
AATTCCGTCCAAGGCTAAATAC,309
GGAGACGTCATCATCGCGATTGTG,285
AGAACGAAAGTTGGGGGCTC,433
GAGAGCCCCGTCGTGCCC,254
ATTGTGTTGGCCTTCGGGATCGGAG,325
AACGAAAGTTGGGGGCTC,316
AAATTCCGTCCAAGGCTAAA,556
CCCTCTTTTTGGACCCAAGGTCGG,612
TTCATGATAACTCGTCGGATCG,791
TCGGCGAGTCGGGTTGTT,545
TCTGACATGTGTGCGAGTCAAC,271
AACGAGACCTCAGCCTGCTA,292
AACTGGTACGGACAAGGGGAATCCG,436
AAATTCCGTCCAAGGCTAAAT,261
AAGAGTGCTTGAAATTGTCGGGAGG,456
ATGCCGACCAGGGATCAGCGGATGT,205
CACGGCCCAGACTCCTACGGGAGG,654
ATGATAACTCGTCGGATCGCACGG,253
TGATTAGAGGCATCGGGGGC,367
ACAGAAATCTCGTGTGGAAC,218
AGTTATAGTTTGTTTGATGGT,314
AATTCTAGAGCTAATACGTGCAAC,300
TAGGGTCCAGCGGCTGGAAGAGCA,237
CCTCTTTTTGGACCCAAGGTCGG,3357
TCGAGAATTTCTGGAAGGGCTCCC,341
GAAGCCCGTCTGATAGCGCT,1847
GTCCGAATTGTAGTCTGGA,399
GTGCTTGAAATTGTCGGGAG,308
GGATTTATGAAAGACGAAC,542
AGAACGAAAGTTGGGGGCTCGAAG,463
GTCGGGGGCATTCGTATTTCATAG,269
ATAGGTAGGACGGTGCGGC,368
TTTCTGTTTAACAGCCTGCCCACCC,336
TGAAAATCCGGAGGACCG,527
ACTTGCACATGGGTTAGTCGATC,446
ACGAAAGTTGGGGGCTCGAA,366
CCGACCAGCAGTAGGGGGCC,590
AAGCCCACCATGAAAATCGGTC,354
CTTCTTAGAGGGACTATGGCC,228
GTCGGCAAAATGGATCCGTAACC,231
AGAACGAAAGTTGGGGGCTCGAAGA,938
ATCAAGAACGAAAGTTGGGGGCTC,268
GAACGAAAGTTGGGGGCTCGAAG,596
GTAGGGTCCAGCGGCTGGAAGAGCA,602
ACCGACGCGGATTGCGATGGTGGCC,382
ATGATAACTCGTCGGATCGC,626
AGCCGGAGGTAGGGTCCAGC,355
AGTTGGGGGCTCGAAGACGA,353
AGTATGTTCCAAGGGTTGGGCT,539
GATTAGAGGCATCGGGGGC,297
ACAGTCGGGGGCATTCGTATTTCAT,283
TTCATGATAACTCGTCGGA,322
AAGAGTGCTTGAAATTGTCGGGAG,249
TGCTTGAAATTGTCGGGAG,267
AGTTGGGGGCTCGAAGAC,370
TGCCGACCAGCAGTAGGGGGCC,417
GATATCTCGGCTCTTGCA,243
TCTTGGATTTATGAAAGACG,307
TTGGGGGCTCGAAGACGA,500
GAGCGGTCGTCGGTGCAGATCTTGG,294
TCAGATACCGTCCTAGTCTCAACC,2518
AGAGTGCTTGAAATTGTCGGGAGG,1332
ATTCTTGGATTTATGAAAGACG,292
ATTAGAGTGCTCAAAGCAAGCC,229
TGCTGCCACGATCCACTGAGATTC,547
CCTTCGGAATTTGAAGCTAGAGGTG,478
AATTAGAGTGCTCAAAGCAAGCC,259
TCCGCGGCGAGAGCGGGTCGTCGC,332
TTTGGAACCCTGAGCAGACTGCCGG,753
CCGTGCGTTGGATTATGACT,1083
ACTGCGAAAGCATTTGCCAAGGATG,225
GACGTCATCATCGCGATT,239
TAGGGTCCAGCGGCTGGAAGAGCAC,372
AAGCAGAACTGGCGATGCGGGAT,204
AATTCCGTCCAAGGCTAA,572
AGACGTCATCATCGCGATTG,628
ATGATAACTCGTCGGATC,605
GTGCCGGTCGGGGGACGGATTGGG,223
TCGAGAATTTCTGGAAGGGCTC,509
CGCGGATTGCGATGGTGGCCCAAGC,472
CCCCTCTTTTTGGACCCAAGGTCGG,239
TCATTTCTCGGAATGCCC,300
ATCAGTTATAGTTTGTTTGATG,258
ATTCGCACAATTGGTCATCGCGC,249
CAACCCTCGTGTTTAGTTGCCAACA,204
CATGGGTTAGTCGATCCTAAGGGAC,232
AGAGCTAGAATTCTAACCTTGTGCC,213
TTGGAACCCTGAGCAGACTGCCG,240
CCGTGCGTTGGATTATGAC,589
CTTCGGAATTTGAAGCTAGAGGT,476
AAACTCTGGTGGAGGCCCG,1475
AAGCTACCGTGCGTTGGATTATGAC,216
TGACTTGGGTATAGGGGC,280
AGAGTGCTTGAAATTGTCGGGAG,843
TGATAACTCGTCGGATCGC,265
TGCAATTGTTGGTCTTCAACG,358
TTCATGATAACTCGTCGGATCGC,258
GGCGAGAGTAGTACTAGGA,206
AGAACGAAAGTTGGGGGC,483
GTCCTAAGATGAGCTCAACGAGAA,306
GAAGCCCGTCTGATAGCGCTC,245
ACATGGGTTAGTCGATCCTA,302
GAGAATTTCTGGAAGGGCTC,991
TCATAGCGACGTTGCTTTTTGATC,205
GGAGACGTCATCATCGCGATTGTGG,257
AATGCAGCCCCAATCGGGCGG,282
CACCTGCGCGCTCCTGGCGTCGGC,237
ATTCTAGAGCTAATACGTGCAAC,434
CTACCGTGCGTTGGATTATGACT,2660
AGTTATAGTTTGTTTGAT,318
AAAGCGAAGAACCTTACCAGGGCT,403
GAAGCCCGTCTGATAGCGC,771
AGACGTCATCATCGCGATTGTGG,344
ATACCGTCCTAGTCTCAACC,628
GAGAATTTCTGGAAGGGCTCCCT,545
CGATGCCGACCAGGGATCAGCGGA,201
TTCTGTTTAACAGCCTGCCCACCCT,361
CTACCGTGCGTTGGATTATGAC,765
AACTTTCGATGGTAGGAT,228
AACGGGCTTGGCGGAATCAGCGGGG,372
GTCGGCTCGTCCCTTCTGCCGG,262
ACCGTGCGTTGGATTATGACTGAAC,278
TCCGTCCAAGGCTAAATACTGGC,595
ATCAGTTATAGTTTGTTTGATGG,265
TGCACCGGTCGGCTCGTCCC,436
GCCCTCGGCGTCCGAATTGTAGTCT,229
AACTCTGAATACTAGATATGACCT,754
ATCGGTTCAAGGACGCAAGGTGCCC,212
AAGCATTGCGATGGTCCC,809
TTTAAATAGGTAGGACGGTGCGGC,284
AAAGCCCACCATGAAAATCGGT,335
AGCTCGCGTTGACTACGTCCCTGCC,233
AAAAGCCCACCATGAAAATCGGT,502
GACGTCATCATCGCGATTGTGGAT,458
AGCTACCGTGCGTTGGATTATGACT,1631
GAGACGTCATCATCGCGATTGTGG,597
ATGCCGACCAGGGATCAGCGGA,827
TGGAACCCTGAGCAGACTGCCGG,776
AGCATCGGCTAACTCTGTGCCAGC,229
ATCAGCTCGCGTTGACTACGTCCC,237
TGCCGACCAGGGATCAGCGGA,418
ACACGGCCCAGACTCCTACGGGAGG,329
AATCAAGAACGAAAGTTGGGGGC,237
TCTTAGAGGGACTATGGCCG,409
GAGAATTTCTGGAAGGGCT,1229
CGTGCGTTGGATTATGACTG,294
CATGATAACTCGTCGGATCGC,332
TCGAGAATTTCTGGAAGGGCTCCCT,285
AACGGGCTTGGCGGAATCAGCGG,231
TACCGTCCTAGTCTCAACC,667
AACTTTAAATAGGTAGGACGGT,261
TAAATAGGTAGGACGGTGCGGC,488
GCACATGGGTTAGTCGATCCTAAGG,202
TCGGGGGCATTCGTATTTCATAGTC,342
AAAACGGGGTTGTGGGAGAGCT,393
TTGGCTGTAGAGGATCGTTCT,302
AGATGAGCTCAACGAGAAC,219
CGACCAGGGATCAGCGGA,203
GAAAGTTGGGGGCTCGAAGACG,259
TGTAAGTGGCAGAGTGGCC,404
CGAGAATTTCTGGAAGGGCTCCC,618
TCAGATACCGTCCTAGTC,846
AAACTCTGGTGGAGGCCCGC,1227
AAGCAGAACTGGCGATGCGGGA,315
TCGGCGAGTCGGGTTGTTT,315
CACGGGGGTCCCAGTCCCGAACCC,207
TCCTTCGGAATTTGAAGCTAGAGG,207
AATTAGAGTGCTCAAAGC,288
GAAAGTTGGGGGCTCGAAGACGA,232
AACGGCTCAGCCGGAGGTAGGGTCC,338
ACGCGGATTGCGATGGTGGC,451
AAGTTGGGGGCTCGAAGAC,357
AAGTTGGGGGCTCGAAGACGA,285
ACGAAAGTTGGGGGCTCGAAGA,662
TCCGTCCAAGGCTAAATACTGGCG,239
TTATAGTTTGTTTGATGGT,205
AGAAATTAGAGTGCTCAAAGC,309
GCGGATTGCGATGGTGGCCCA,454
AGAATGAAACTCAAAGGAATTG,215
GTTTGGAACCCTGAGCAGACTGCC,264
ATCAGCTCGCGTTGACTACGTCCCT,401
AAAGTTCGAGTACCAGGCG,305
GTAAACGATGGATACTAGGCGCT,292
TAAACGATGGATACTAGGCGCT,302
ACGGCGGTGAATTCGTTCCCGGGCC,425
TACCGTGCGTTGGATTATGA,238
AAGTGTTGGATTGTTCACCCACCA,424
TTCTTAGAGGGACTATGGCC,208
ATGTTCCAAGGGTTGGGCT,271
CCTCTTTTTGGACCCAAGGTCG,778
TAACTCGTCGGATCGCAC,282
GGTAGGGTCCAGCGGCTGGAAGAGC,395
AATAGGTAGGACGGTGCGGC,211
TTGGTCATCGCGCTTGGTT,431
TAATCAAGAACGAAAGTTGGGGGC,261
GTAGGGTCCAGCGGCTGGAAGAGC,202
TAGTATGTTCCAAGGGTTGGGCT,508
ACCGTCCTAGTCTCAACC,292
GTCCTAAGATGAGCTCAACGAGA,315
GTTTGCCGACCAGCAGTAGGGGGCC,238
ACAAAGCATTGCGATGGTCCC,232
AAACTTTAAATAGGTAGGACG,227
AAACGATGGATACTAGGCGCTGTGC,310
CTCTTTTTGGACCCAAGGTCG,676
AACGGCTCAGCCGGAGGTAGGGTC,463
TCAGATACCGTCCTAGTCTCAAC,570
AACGGCTCAGCCGGAGGTAGGGT,233
GAGAATTTCTGGAAGGGCTCCC,442
ATTAGCCCTACGAGACGCC,262
TTTGCCGACCAGCAGTAGGGGGCC,293
AAACTCTGGTGGAGGCCC,704
GTAAGTGGCAGAGTGGCC,218
AAACTCTGAATACTAGATATGACCT,891
GTCGGTGGACTGCTCGAGCT,250
TGCTGCCACGATCCACTGAGATT,225
TTGGTGACCCTCGTGAGGC,645
TGGAACCCTGAGCAGACTGCCGGT,401
AAAGCATTGCGATGGTCCC,489
GTCCGGTGCGCCCCCGGCGGCC,330
TGCTGCCACGATCCACTG,358
TTAAATAGGTAGGACGGTGCGGC,346
CGTGCGTTGGATTATGACT,405
AACGATGGATACTAGGCGCTGTGC,228
ACGCGGATTGCGATGGTGGCCCAAG,512
AACTTTAAATAGGTAGGACG,296
AGACGTCATCATCGCGATTGTG,232
AGAGTGCTTGAAATTGTCGGGAGGG,213
CGAGAATTTCTGGAAGGGC,464
GTTTGGAACCCTGAGCAGACTGCCG,201
GGCGCGAAGCTACCGTGCGTTGGA,225
GAAATTCTTGGATTTATGAAAG,201
TCAGATACCGTCCTAGTCTCAACCA,322
AAACTCTGGTGGAGGCCCGCA,264
CTCTTTTTGGACCCAAGGTCGG,1966
ATTCTTGGATTTATGAAAGACGA,441
TGCCGTTGGTGACCCTCGTGAGGC,288
ATTCTTGGATTTATGAAAGACGAA,213
AGATACCGTCCTAGTCTC,241
ACGAAAGTTGGGGGCTCGAAG,432
AGATACCGTCCTAGTCTCAACC,360
CTCTTTTTGGACCCAAGGTCGGCA,202
TTGTAAGTGGCAGAGTGGCC,351
TAGTAGCCAGAGGAAAAGAAAGC,235
TCAGATACCGTCCTAGTCT,556
ACGATGCCGACCAGGGATCAGCGGA,375
AGAGGATGATCAGCCACACTGGG,286
ACAATGGACGGGACAAAGGATC,203
TTAGTAGCCAGAGGAAAAGAAAGC,398
TCGGGGGCATTCGTATTTCATAGT,228
AAACTCTGGTGGAGGCCCGCAGCGA,284
AAAGCGAAGAACCTTACCAGGGC,333
AACTCCAAAAACCCGTCCT,242
GTTGGTGACCCTCGTGAGGC,233
GAGAATTTCTGGAAGGGC,433
AAAACGGGGTTGTGGGAGAGC,1115
CGTGCGTTGGATTATGAC,397
TTAGGCCACGGAAGTTTGAGGC,247
TCGGGGGCATTCGTATTTCATAG,249
TTGGTCATCGCGCTTGGT,332
GAAAACGGGGTTGTGGGAGAGC,302
CCAGCTTCTTAGAGGGACTATGGC,229
GAAACTCTGGTGGAGGCCCGC,204
AGAATTCACCAAGTGTTGGAT,310
GATACCGTCCTAGTCTCAACC,232
ATGATAACTCGTCGGATCG,233
AACTTTAAATAGGTAGGACGGTGC,216
