Reads,Count
UCGGACCAGGCUACAUUCCCC,28
AACUAAUUCAGACUGUGAAACUGC,28
UUGCUCGAGCUUGUCAACAUC,26
CGGCAGAAGAAAUCCUGAUCGU,18
CUCCCAAGCAGUGGGAGGAGGCU,13
UCUUGGACUGAAGGGAGCUCCC,9
GGCCCUUGAAAAUCCGGAGGA,8
CUUGUUGAAUUGUUGGAAUCC,8
UUGACUUUGUCUGGAGCGGCCU,8
UUUCGAGGCAAGGUUUUUGACAUC,7
GCCGGUCGGGGGACUGAUUGGGA,6
UUAGAAAAGUCAGAUUAGACCU,6
CGACCCGUGCAAUGCUGUAGCU,6
AAGUUAGAAUUCAUUGAGCAAUCA,6
CAUGGAAGGACUUGGCAACUG,6
UUCCACCGAUCGUUUGAAUUGU,6
UCAACGGACUCCUCCACGCCUU,6
UUGUUCUUUCAGUUUUACUGUA,5
AUCGUAGAACAUUUUUUAGAAACU,5
AGACAACGGAUGUAUGAUAUACUC,5
AGAGCAAAUUCUGACCUUGGGACC,5
CGAUGCGGGAUGAACCGGAAGC,5
ACCUAUGUCGCCAGUUCCUCUGAC,5
AAACACCUGACGUGGACCUGUCCU,5
CAAACGUCACAAGAGAAGAAGAAC,5
AGUCUCUGUCGUUAGUAGUCUCCU,5
AGAAUACAUCGGGUUUCGGCUGAA,5
CCUAUAAAGACUCAGUCAGCCC,4
UAGUUGAUCCUGAGGGAUUUCU,4
AGAAACGAUGUAGAAGAUAAACCU,4
AUUUCAAAUUUAGGACUGUCU,4
AAGUACGAGUACGGAUAUGAGAUU,4
AUACACUUGAACUCCAACAAUCUU,4
UCUCAUUCCAUACAUCGUUU,4
UCAUUCGUUCGAAAGAUUGCC,4
ACCGGCUUGUAGGGCUCACGGUCC,4
CACUCCAAGGAUUGAGGCAGCCGA,3
UGAAGAUAGUGACCAAAACUC,3
CCAUUUCUUUUAUUUUUUGGAC,3
CACGGUGAUGACUCCAUAAAAUUCA,3
UUUUGGAUUUGUUUUUGCAGA,3
UUUGCCUGCAGAAUUCAAGAAUC,3
AUUAAUCUCUGAAGUGUAAAGUCU,3
UAUUGAAAAUGUAUUGUUAUUUGU,3
ACAAUACUCGUCGCCCUUAAAAGG,3
ACUUGAGAAUGAGAUUAUUUGAAU,3
UCUCUACCAGUUUUCUAUCAAC,3
AAACAAGGCCGUCCAUACUGAAUG,3
CAGAAGCUCGAGUACGGUCUGUGC,3
AAUCCCUCAGGACUCACUGUAUG,3
AUUGAUGACAGAUUUUGGUUC,3
UCAGGACAUUGGACUCUGAAUCC,3
GUGACUCUCGGCAACGGAUAUC,3
AGCUGAAACCAUGUUUGAUUCCU,2
UUCACUUCCUCCCCUAUUUAUAGC,2
AGAGCUUGUUGAAUUGUUGGAAUC,2
UUCUGACCGAUGUAGAACAUGCAU,2
UGCAGGAUCAAUUGAAACU,2
AGGAGAAUGAGAAAAACGAAAAUG,2
UUCGCAUUCUGAAUCAACUUUUGU,2
AAGACCGAAGAACGAAUGAAGAAC,2
UGAGCCUUGUCCUGUGUUUGGAUG,2
GUUGCUUUGAUGAUUCAUGAUAACU,2
AGGACCGAUGUAGAAUGUAUUAUA,2
CUUGGGACGGAUGUAAAGCUAA,2
UUCAGUCCAGAGAAUCGUCGUCGU,2
CUGAUAGCGCUCUGUGCGCG,2
GUUAGAACUUUCACGUGGUAGCCU,2
GGAAUGGGCUGAUUGGGAAGCA,2
AUCCCUGAAGCUUCUGACAGU,2
UACCGGUGCUAAUGAUUUGGAU,2
CGGAGAAGAAGCAAUGACGG,2
AAGAAUCUGGGCAUUUGGGACU,2
UCAGCUUGCUCAGAUUUGUUAGGC,2
UACUAAAAACCGUCUCAGAAGGGC,2
UUGUAUCAUUUGGACCAAGGUC,2
ACGAGGACUUUACUAUUUGGAAUC,2
GAUGAGGACGAGGAUGAGGAUAAC,2
UCAGUGAGAACCUGUGAUGUACCU,2
CUCGACGAUAAACUUUUAGAUAAU,2
AGUACUAACAAAGAUUGAUUCAGU,2
UAGCCUUGGCCGACAGGUCCGGG,2
ACUUGGACUGAAGGGAGCUCCCU,2
UUCUGUAGAAUCACCUUAAAAUGU,2
GAAAUAGACUGAGAGAAAAAGACU,2
AAAUACCUGGAUUCAUAGAACUU,2
UUCGGUUGGCUAUAAGAGUGAC,2
AAGGAUAAGAAAUCAUGAGAGUGA,2
AGGUUCCUGUAGGCCGGCCUGACC,2
AAUUAACGGACGUCUGAAUUAGUC,2
UUCGGGAAUAGGUUGUUGCAUU,2
UCGGAUAUGGGACAGAAUCGGGGA,2
GGCACGCCUGCCUGGGUGUCACAC,2
AGGAACUCGGCAAAAUGACC,2
UAACUAAUUACUCGGUACCCG,2
CUUACAAACGAGUUUCACUACC,2
GUAGAAUCGCACCCGCCAGUCAAG,2
AGCACCAACACUGACACGGACACC,2
UGAGACCUGAACGAGAUGUGAACC,2
CUGAAGAAAAAUCCGCCUCCUU,2
CUUGUGCUUCUUUGACUUCCA,2
UAGGAGGUAGAACAAUCAGUUGGU,2
AUUGGGAUAUGUCUCCGCAGCACC,2
CGACGUGGAAGACGUUGAGGACCU,2
AGGCAGCCGAUGUGGGACUUUGGU,2
AGGCCGAAGAGGGGAAAGGUUC,2
GAACGGGCCUUACGUAGGACAGGC,2
ACUCGAGGACUCAACUGGUAGACU,2
CAUGGUCGAUCCCAUCUUCGCG,2
CAUUUGCUUGGACCAUCACUCUUUC,2
AAUUGGACUGAACCGGCUUAGACA,2
UAGAUCAUAUCGUUUGGCAUA,2
CCGACCUUACCUCAGUUGGUAGAGC,2
UCAAACAUAUUUAACUGACAACCU,2
GAUUCAUCGUAGGCUAAGCUCAGG,2
UUUUCUAUAUUGGUUAUCGGCGCC,2
GUAGAAGCCCAAUCCAAUUAAAUU,2
AAGGCUCGGACCAAGUUAAAAUAA,2
AGUUAGAACCCGUUCAAUUCCAGU,2
UCGAGGCAUUUGUCUGAGAGGA,2
CCAAUUUCUUCUGACGCUGGAA,2
UCACCGUGAUUGUCAAUAAUAGUG,2
CGCAGACUGUAGACCCCGCAAGCC,2
CCAUCUUGUGAGGCACCCUUCCA,1
ACCUAACCUGACCUAUUCGCACCU,1
GGGCUAAGCGAUCUGCCGAAGC,1
UGAGAAAUGAAAGGGCUAAAAGAC,1
GACUUCUUGUAGGUCUACUCUCCU,1
UUUUCAUUUCGCACGGUAGACACC,1
AUAGAGACAAGAAGAUAAAAUCCU,1
UUCAUCUCAGUAAACUCUGUG,1
UUGAGAGACAAUACAAUUC,1
AUAGGCCGCAACAACUCCCCAGAA,1
AACGGAGAAAUAAAACAUAGAUAA,1
UACAAAUGUUAUCAAAGUAGACCU,1
CCUCAGUUCGGAUUGUAGGCUG,1
UAGGGACGAAAAACAUAUUUUAAC,1
CUUGACACCAUACAUUAACUCAAA,1
GAAUAAUUCAUGAACAUAAUAAGU,1
UGAGAGCCGGUCCGCCGAUC,1
AUACUAUUUCUCCCCCCUCAUA,1
UUAGAUCCUCCUCCUCGUCGGC,1
AUAUAAAAGUAACAUCGUUAGUGA,1
UUUUCAUUGGCAUAACUCAACA,1
GAUUCGACCCAAACUGUUUUGAUU,1
CGUAAUCUUCCAGGUAUCGUGGCC,1
UAUAUAAGAUUGUUAAACUCGAGA,1
ACGAACCCGUAGAAGUGAAUGAAU,1
ACACCUGACCCUUGGCAGUCGAGC,1
GUCUGUUUUUAUUUGUAUUGCGCC,1
UUCUGACUUGUCACUCUUGGUUAC,1
AAUGUGCAUAUUAAGGUUAGAACC,1
UAUACAAAUUUAGUAGGCUCUCGA,1
UUUUAUCCGAUGUAGAACUUCAUC,1
CAUCUACAAAGAAACCUUCUU,1
AUGAAAUCUGAAUCCAUAAGUGAU,1
UCUUUUAUCCAAUCGAACUGUGAU,1
UCUUGUCCUCUUGACAAAGGCACC,1
CAGGACAACACUUUGAAGUGGUGU,1
AAUGCAAUUCUCCAAUGACUU,1
AACAAGCAUUGUAGUAGAUCUAGC,1
AUGGACAGUUGGGGAAUGAACAAC,1
UAGAGAGAGGGUUGGAGUAGC,1
CGUACUUAGCCCAUGGGCCCGA,1
AAUGUUAGAACACAGAAAGAGAGA,1
UGAUAAACGGAAAUCAAUUUGACC,1
UAUGUCAUAGCUCUACCACCGCGG,1
CGGGGAUGGAGCGAAAGAAGUU,1
UUCGAAUCCGGAAAGAGCCUCUUU,1
UUUGGCUCGAACCCUCCUUGGUCC,1
UACAUGGACUAAAAGAGAAUUAAA,1
AUCGAUCGUCCUGAAAUUCCUCCU,1
AUAACAUGAAUCAACAAUGCAAUA,1
UAAGUGAAUGGUCGUUAGAGA,1
AAUAUCAAUUGUUGGAGAAUUCGA,1
GUAGAAAUGGAAAAGUUGAACACC,1
CAUGACCCAUAAUUACUUAAGCCC,1
CUUUCCGUAGGCGUUUCACUU,1
AGAAGAACUCUCAGGCUAUAAACC,1
GUCAAGCGCGAAGAUGAGGUCGAC,1
UAUUCACAAGACAAGACUGAAACU,1
AAGCUUGGGGUGAGAAUAGGUCAG,1
AGGAAAAUGAACCUACCGUGCUU,1
CGACGAUAAUGAUAAUGUUGGAGU,1
AUACUGAAUACCAUGGUACCCAGA,1
GUCUCUGCAACGGUGGAUACUG,1
AUUUCUUCUGACGCUGGAACCU,1
ACCAUCAACUCUGAUACCAGUUGU,1
AAAGACUUUGAUAGACUAUAGGCC,1
UUGCAAGACUAUAGCUAUGUUUCU,1
GAGGUCAGACCAAAGAGGAAAA,1
ACAAUGAACUCCAACCACUUUAAU,1
CAAGGAGAAGAUGAGUUUAGAAGA,1
CAAGGAAGCUGAUUGGUGG,1
AAUCAAUGUAUAGGAGUAGAAGCA,1
AGGUAGAGAGAACAACUUGGCAGU,1
AAAUCCACAUACAUCGUCAGAAUC,1
UUCUAACCAUGUGGGAUCGUCACA,1
UAGGUUGGACAUUCUGAUCUGUCU,1
UUAACGAACGAGACCCCUGCC,1
CCCACACCCAUGACUGUAGCAG,1
CUUGAAAAGUCACUCUAAAGCC,1
UAGGUUGGAUUUGAUCGGAUUAUC,1
AAAUUUGAUUCAAUCUGAAAGU,1
UUUUGAAAUAUUCACCAAUGAGCC,1
ACUGAAAUUGUGUGUCUGUAUGCA,1
UUCUCUCCAUCUGGUCUACUC,1
CCCAAACCCGAACUCAUACCCG,1
UUGGACUGAUGGGAGCUCCCU,1
AGUCCGUCAGGGCCUCUCCCUCCU,1
UAGAAAUGACUGACCAAAGAGAUU,1
AGGACUAACAGAGAAUUAAAAUGU,1
UAUCUUCUGUGUACUUAUAGUAUU,1
AAUUCUCCCCCAUGUCUUCGGAUG,1
AUACUUAUGAGAUCGAUGAAAUUC,1
GUAGAAUCCCUUGCAGACGAC,1
UUCCUGUAUCCACUGACGAUG,1
AAACGAGAUUUCAAGAACUUUCGA,1
AUGUCAUGUAAGCUCGGAUUCGUC,1
UUUCCGGAUCUAAAGUGAGAAACU,1
CUUCAAUUAUGUCCAAUCCCAU,1
UCACAGGAUCCAAACACAAAUAAC,1
ACUGAUCUCUAUUCGUCAACAACU,1
ACACGUCUAGCGCGAAGCCUCACU,1
UUUAUUCUCGUGGAUUUCUUUU,1
UCCCGUAUCUCUUUUCGCUCAAAC,1
GAAUCCUUAGAACUUGGUAGAGCU,1
UAUCUUGCAGGGUCAAAUGGUG,1
UUUAGCACUCAUGACUGAAGUU,1
CCUUAGCGGAUUAUUUGGCCCA,1
AAAGAUUAUAUAGAUAAUGACACU,1
AAUAUUACUCGAACGAUUCAACCU,1
CUCGAUCAAUGUCAAUAAAGUGAU,1
GUAAGAAUCUAUUAGGAACACUAA,1
AGAGAAUGAGACAAUGAGAGAAGC,1
AAGAUUCAUCGUAGGCUAAACUCA,1
UAUUACACAACAAACCAUCUG,1
CGAGAAUCGUAUUGAAUCAUGAAC,1
UCUGAGCCAUUGGAUUUAAUACAU,1
UUAUACCUGCAGAGCUUUCGGAUC,1
UUGUCUGAGCAUCGCACGAGA,1
UCAGAUCGACUGGGCUCACUUG,1
UCUCGACCCUCAACAUAUACUGAC,1
CAAUUCGUAGAAUCAGAAGAGUCU,1
UGAUGACUAUUUUGAUUAAUGACU,1
UCGUAGCAUCGGGGAUAUUUU,1
AACCCGUCCGAUUUGGAGUAAAUU,1
AAACAAUUCGAGGCAGAGGAAGACC,1
GCUUGACUCUAGUCCGACUUUGUA,1
UUUGUUGGACCGAUUAAUGGUA,1
UUCUUUCAGCUCAUAUGUUCUU,1
AAUUGUCGAAACUGAUACAUCAGA,1
UUCCAGUUUAAAUGUAAUUCCC,1
UUGCAAACCAUUGUCAUUAAAG,1
ACCAAGGUUUAAGUGACUUAAAUG,1
AAGAAAUCUAGGCCUAACUCAACC,1
AGGUGAAUGAACUGAAUGAAG,1
CAAAAUAUGACCGUUGAAAAACC,1
UCGAGAAUGACUUUGAAUGGC,1
AUUAUCCAAAGUUAAAUGUUGACU,1
AGAUGAAAUCAUGUGUCGUACAUU,1
UUAGAGCGUCGUGCUAAUAACAUG,1
CUAGGAGGACCAUAUUACCAUAAU,1
GAACUGGAACUAGAGAAACGGCAC,1
GAGCUCAGGAGGGAUAGCACC,1
CUGAGUCUCAGAGCUCUCUGGAGA,1
AGCAGCGGAAGAAGAACAAGAAGU,1
UAGACGGAGGUCCUCAAUUGGG,1
CUUCCUAGGGACGAUUGCAUC,1
AGAGAUUAGUUUCGGUGUGAAUAC,1
UAGACGUAGAUUUCUUUAAU,1
AUGAGACUGCGUAAUUAAAAAUGA,1
AUACUAAAAAAUCUCAUGAAAUCU,1
UCUCAAGGACCGGAAACAUUGCGC,1
UGUUGAUGGAUUGGCAAGUGCACC,1
UCAACUUUGGAUUCUUGGAAAAGU,1
AUUCAUAAAUUCGUCGUAAGAAUU,1
CUGAGAACUAGUGACUGAUUUUGC,1
AUGAUAAUACUCUCACACAAAGAU,1
CAGAGUUUACAUUCAAAGACGGUU,1
AAUUAUGACGACCCGAGAAUUACA,1
ACCGAAACCCCUUAAAACUCUAGC,1
UUUUUUACAAAUCUGAACCGGGAA,1
AAUUGUCUUGUUUCUCUAUUAGCU,1
AAAAAGACCUAUGAACCCAAGCCU,1
UAAAUCGAAAUUCUAGGACCAAAU,1
UACAGGGGCCUAGGACUUGACCUA,1
UUGGACGUGACCCGACCUAAGUCU,1
UUAUGAGGUACAGGCUGAGAAACC,1
CUAGACUUUGUGUUUGAUUACU,1
UAACGCGCUACCACUGAUUAG,1
GAAGAGAGUGUAAGUGUAAUAAAC,1
UCGCUUCCGUUGCGACGAGCACCC,1
ACGACCUGAUCUACAUAAAACUUG,1
AGAUUGGACAAUAAUUAGAAGACU,1
ACCCACGAACCUGAACUGAUUCAA,1
ACGAACUUCUGAAUUAAUCUGAUU,1
GGAGAAUUCUGACAAACAAAAAGA,1
UUAGAGUGUCGUGUUAAUAACCU,1
AUGACAAGAACUACCAUCAAAGAU,1
GAGCGCGACUGGUAGUGCCCAGCG,1
CGGCAAAAUGGAUCCGUAACCC,1
AGACAAGUUGACACAUAUGAAAUU,1
AGGACAUGAUAUAGUGGAAGAAUU,1
UCUGAUCGCACCCUUUUGAUUGUU,1
AUAGAGAAUAUGAAUGGGGAAAUC,1
UCACUGACUUAGGAUCUUGGGUCC,1
AAUGAGGUCAAAUUGUAGUCAUU,1
AGAUACAACUCUAUGUUCCAAAGA,1
CAGUUAAGUGUUAAAACUCGGG,1
CUGAAUGUCAAAGUGAAGAAUU,1
ACUCCUUAUCUCGAAUAUGAUAUG,1
CAAAUUGAGCAAAUCGUUGUU,1
CCUACGACCUGGCCUACAUAAAGU,1
CAUGGGACUCGCCAGAUUGACUGG,1
CAUUUAGUAAUUCUACGAGCGCCU,1
AGAAUUUAGCGUCAAGACCGUCUU,1
AGAAAUGAGAGAAUAUGAUAAUGU,1
UUUAAUAUUCUGUACACAAAAACU,1
UCCUGAUGUAUGACUUGUUCU,1
AAAAGCUUAGUCUGACCUGAAAGU,1
UACUAUAAAGGUCAAGCUCAAGCU,1
CGUCCGGAUAACAUGAAGUAACAU,1
AUUCAAUUUUGACACUGACAAUCU,1
CAGAGAUCGUAACCAAAAAAGUCA,1
ACGUCAAAAUCUGAGCUUGAGAACC,1
UCAAGAAACACCGUCUAAGCUCGU,1
CGGUACAAGUAGAAUGAAUGUUGU,1
ACAACUAAGAUGAUGAUAUAGACU,1
UAGUGAAGUAAGGAUGUAAGUAUC,1
AUUGGGAAAAUUGUAAAUUGUA,1
UGCCGAAGUAGACCCAACUGUCU,1
UCUUGGAUAAAUCUUAUGUGCCU,1
UAGGAAAUAAUUGUGAUUCAGACU,1
AUUGCGAGGACAAAGUUUAGGACG,1
AGGUCUCCAAGGUGAACAGCCUCU,1
UCAUAUAUUCAGAGUUAAGACU,1
GUAGAGAUGGAUUGCAUAAGAGGAU,1
GGAGAAAAGUGACCAUGUAGGUUU,1
GAUCGAUCAUGUGACAACCAGACU,1
AAAAAUGAAAAAGUUGAACAUU,1
GAAUUCACAUGGUCUUUGAUUGUA,1
CCAAGUUCUCAAAGAAAUCCU,1
UGAGACAUCCAAGAACGAAUUUAC,1
AUUCCCAUUGAAAAACCACUG,1
AGACCUUAGGAUUCUCAUAAACCU,1
AUUCAGUUCUAGUAUUUCCCUC,1
GAUGGUAGGAUAGUGGCCA,1
CUGCCUUUCGUCUCUGACCACCCC,1
UUCACAAAUCCAGUCACAACU,1
AUUACCAGUGGCUGGGGAGCACCC,1
UAGAAGAUAUAGGCCUCACCU,1
UUGAAGAACAUCAACCCGGAU,1
CAAGUUUACGUAGACUCUCAAGCU,1
AGAUGCAUUGUUGACAAUUUUAGU,1
AAUCACUUUUGAACAGGCUAUGUC,1
AACGGAUGUAAUAAUUCUAUACCC,1
UUUGAGGAACUUGAUGUGUCU,1
UGACAAAUCUUUAAGGCUACC,1
AAGGAUUGCCUCUAGCCUUGA,1
AUGUAGUACCAGUCAAAUUUGAU,1
AACAAGCGGUGACUGAUCCAACU,1
AUUACCGUCUGAGUUUGGCCC,1
CAUCCGUAUGACUCAUGCAGA,1
UUAGCUUCUUUCAUCUUACCU,1
CAUAUGGACGAAAAUAUCUCAAUA,1
UUCAUCUAAGCCUAACUCUGGCCU,1
ACUGCUCGAGCUGCUUCCGCGGC,1
UAAGAAACAAAUAUUGUCUGAGCU,1
AUGAUCUUGGAAGACCGGCUAG,1
AUUCUCACCCCUUUCAACCAGCUU,1
ACCCUGUAGACUCUUCAAAACAAC,1
AUGACUCAUCCAAUUAAUGAUUGU,1
AAAAGAAUUUGAAGUUUCCGGAUG,1
AUGUGAAGAAUUGUUGAGAGUCAG,1
AGGAUAAAUGAUAUUGGAAAACCU,1
UCGGCCUAACCUUUUUAAAAGCCU,1
CGGAUCAACAUUUAGGAAAAAUGA,1
CCUGACACCACACUCUAACCCA,1
GUAGCUGCUAUCUGCGGGCC,1
CAGCAACAACGACAGUAGAAAAGU,1
UUAGACGAAAGAGAAGAUGAAGGU,1
GUUAAAAGACUGCAUAGAAUUUGC,1
UAACAUGCCCUAUCUGCCUAGGAU,1
AGUGGACUUGGGCCUGAUGAUAGA,1
UCGCUUCAAGCAUUCAUGGCU,1
UCGGCCAGUUGUAUAUCAACAAGG,1
UUUAAGAGGACCUAUCGGAUGCCU,1
UUUGGAGGAUGAAAGUGUAAAAGU,1
CCUCCUGCAGACGCAUAACCG,1
GAUCGAGACCCUGACACUAAACCA,1
AAUUAUGACGUUGGUUACAAUAGU,1
AACCGAGUCGGGUUGCUGUGCACA,1
ACUCGAUCCUCUUAAGUAAAGUCU,1
UUUCCACCGUUGAAGUUGACC,1
AAACAUGAAGAAUGGAGUCUGAAG,1
CUUAAAUAGGUUGAGUCAAAGGCC,1
AUACCCGACUAAUGUGCGUGACUC,1
CAACUCGGACUAAUGUGUCAUCACC,1
UUAGGAUAUCUGGCUCUCACCCAGG,1
CGUAGGAUUAUGACUGAACGCCU,1
GUUGGGCUAGUAGAUGCAUAAUGC,1
GAGAUGGAAGACUAUAACCCCU,1
UUGUUGGAUAAAAUUGAGAGAU,1
AUUAGAACAAGAGCUUUAGGUUGU,1
AGAGAUUUUCAGUUCCAUUUGA,1
UCCGUGAUCGCGUCGUGAUGA,1
UCCCACCCUUUGCAUUGUCACUAG,1
AUCCGAACUCGUACCUGAUCAACU,1
CAAACGAUACUCGAACUUCCGAAU,1
UCUGAAUUUCAAAAUUUCGUGACC,1
UGACCCGACCAGACCUCCGAGUGG,1
AUGGGAUACGAUGAGAUAGAAUGC,1
UUACUAGGAAAGGGACCGGCUC,1
UAUUUUAAUUGUGCAGAAUUCC,1
AAUUGUUGUACUCUCUUGGAAGCC,1
UUUGGAGCCAUAUUUGAACU,1
UUCAUGGACCAAUUUUGCAGAGAU,1
AAAAGAGGCUAGAUUGAAAGAUUU,1
AGCUUGGAUCCUUUACCUGU,1
CUAGUUAGUAUAAAGAAUAAGAACU,1
GGGUCUUGUGGAUAUUUCUUCCU,1
AGUGUAUCACUCUCCAAACCCGAG,1
AAACUUUAGAUCUUACAUAAAAGG,1
UCAAGAUUCCAAAGGACUGACUAA,1
AGAGCACCGCACGUCGCG,1
UCAAACUCGCGACACUUUCCUCAC,1
AUAGCGCGGAGCCUCCAGGCAAUG,1
AUCGUGAAUGAUCUGAAUUGAGCA,1
AUAUGGCUGAGGAUGCACCUGAGA,1
UUUUUGUCCGCAACACUGAUUAGU,1
UCACAUCCCAUCCUUACAAUCGUC,1
AUGACCAAACAAUGUUUUCGU,1
CUGUUAUUUCCAAUUCUGAUUUGU,1
AAGUGAGAUUGAGACCGAUUCAUC,1
CGUUCGCGCGGCCCCUUUC,1
GGUAUACAACAGGUCCGGUCGAUC,1
CAAAAUGUUGGCCUGCCCGCUCCAA,1
UUAAGGGAUUUAGAUUGUACUC,1
UCUGAGUCAUGCCUUGCACCCUUG,1
AAACAUAUGCAUGAGGCCUUCC,1
UAGGCUCAGGCUUUUUUAAAAGUC,1
AAGGAUAUAUGUUAACUGAUUUCA,1
UGUGUAGUUUGACUUAUAUAAAGU,1
GAGACUUCUGAAUCAACUUACAGA,1
AAACCUUUCUGAACACCAAUGUU,1
UUGUGUAUCUUUCGGGUUGGGUCC,1
AUAUGACUAAGGUGAUCGACAACC,1
UCAAAGACUGGUCAAACUCGUC,1
UAAACUGAUUUUUAAGGGGACC,1
AUGUUUUAUUGUUGUAACAAG,1
AUUGAUUUUGGUAGAUUCGAAC,1
UCGGAUUUGGUACCCCAAUAAUUU,1
UCAUACGAUCUAGGCAAACAAGAU,1
AAGACUGAGAGUUCUCUAAUGAAU,1
GUGUAUUAGAUUGCUCCGAGACUC,1
GGGGAUCCUUUCGCUGCACACGA,1
AGAGAGAAUCACUGAACCUGUUUU,1
AAAAUUGAUCUGAGUCGUUGAAUU,1
AACAGGAUCAAGUGGGAGCUGACC,1
AUUUGAUGGCAUUAGAGGGUG,1
CGAAUAAAGGAGUCACAUGAC,1
CCACCAUGAAAAUCGGUCGCCCUU,1
GUUUGUUUGAUGGUAUCUA,1
UUAAAAAAUAUCUAAGAAUG,1
UAUGAAUCGUUUUUUCAGGGGACC,1
AAUCGGUUAUGUAUCUGACUCAGA,1
AAGAACCGUUGGUUUUUUUGGGAC,1
AAUCCAUAGACCUCAACCCGUUU,1
UUAUCCAUGUAGAAAUCAAGAUCA,1
AAAAAGCUGGUAGUUGGACC,1
CUUCGUACCCCAUUGCCCAGAGG,1
CUAAAGAAUACCGUGUGCUUGU,1
GCACAUAGUCGGUCCAAUACCCGC,1
AUAGAUAACAACACUGAACAAGU,1
UCAAUGACCCAACAAGCAAUCU,1
AAUACGUGUUGUCUUGAAUGGAAA,1
AAGUUCAAGGAAUGAGGAUUGUUC,1
GAGAAUGGAUAAUUUUGAAGCACU,1
UCUGACCCAAAACGAAAUAAACAC,1
CAAACCUGUAGGAUCCUCAUAUGU,1
AUGAACAAUAAACAAAGCACC,1
UUCGGGCGAGACAUCUUACGAUGUC,1
UAUGAGAAUUUCGAACAAGAGAAA,1
GAAUGUUAUAAUCAUGUCUAGACU,1
UGAGACACAAUGUUAUGAUAGGAU,1
UUAAAGGAUAAAAUUGACAAAUU,1
GGAAGGGACUGCAAAAUGCAACGU,1
CAUGAAUUUGAAAUUGAACUCCU,1
UAUGACUGCAACAAAUUUGAUUGU,1
AGCACGAGAGUUGGUACUCGC,1
AUAUAUCCGACCGUUAACUUUUGU,1
AUUGAGACAACUCGCUUAACACCC,1
AAGGACUUCAACACUAACAUGUGU,1
UACCCAUUCUCGGAUUUAGCG,1
CGAGACUUGUGUAAUUAUGUUAUU,1
UCUGUUUUCAAAGUUUAUAUU,1
UUCUAGACCAAAAACAUAAUCGGU,1
UUUGUAAGUUUCGUCUUAGC,1
AUGAGAAGAAUGAGCAGAAGUUUU,1
CAAAUAUUUGUGGAUAAUCAAGCU,1
CCGAGAAUUGUAAAUUGACACA,1
AGACAAAGCAGAGAUUGUGAAAUC,1
UAGAAUAGAUGGACAAGUGAACCU,1
GUCAAUUGCCCGAUGUAGAAAGCC,1
UUAUUUUUGCUAAAACUUGGAC,1
CUUACCAAUUUCUGAUCUCA,1
AAGAUUAAAGACCAAACUGAAUUU,1
CACCUAAAGCCUGAGAACUCUC,1
UGUAGAAAUGUUACACAUGCACCC,1
UUGAGGGACUUUCCACGUAAUCGU,1
AGAAUCAACCUCGUUCGUCUGAUU,1
UUUUCCGGGCAUAUCUUAAAAUU,1
UUAUUAACGACAAUAGACAAAAGU,1
CACGAUAACCAACUCUAACAAUU,1
GGGAAAUACGGUACAUGUGAAAUC,1
UAGUUAUACGUAUUCCUCUACACU,1
CAGGACACCUUUAAUGUUAUUAGU,1
UGAGAUACAUUGAGAGAGACUC,1
UGCACCCUUGCGAUUUGGAGC,1
CACACCACAGGAUUCUGAUCCU,1
UUUUACAGAAAAAAAUUAGGCAUG,1
AGAGAGACGGAGAACAAAUUUCU,1
AUCGGUACCUUUGCAUCACAUA,1
GAAGGGUGUUGGUCGAUUAAGAC,1
GAAUCACCAAGAGAACCAGGGAAG,1
GGAGAAGAACUUUAGUUAAGGAGG,1
ACGGAGAGAGGAAUUUUCAAAUU,1
AAUCGGAUAUGGGACGGGAUCAGG,1
UUUCUAAAUGUAGGCAUUCUUCUU,1
CCCUCGGCGUCCGAAUUGUAGACU,1
AUUUGAGGAUUCUAAGACGGGUGU,1
UAUACCAGAUUGUAAUGAUGAUAUU,1
UGAGAAUGAUUGUCGCAAAUAACA,1
CCUCAACAUCUGAUCCUUUAGGGU,1
AGAUCGGGAUUUGACUUUGGACCU,1
CUCCCCGAAAUGCGUUGAGGCG,1
UCUUGAACUUGAGAUUCUUCCUCC,1
GUAUUCCUGUUGACGAGACUCACC,1
CCUGAAUCGUUUAAUUAAUUGACA,1
UAAGACUGGACUUUAUUAUAGAUC,1
CGAUCUGGCGUAUAUAAAACCU,1
AUAGAAAUCCAUCGGUGCUGUCCA,1
UAUCUAAUUGUGGCCUUGAAGACC,1
UUUCAUGGAUGACCUAAAUGCCU,1
CAUGUGACUUAUGUAGAGACU,1
UUUUUCUUUUACCUUAAUAUG,1
AUUGUACAUAAUUGAAGGACUA,1
UUACAUAAGAGUCUGACUUGACCC,1
AAUUUGGAUCUUAAGGUAGAUU,1
UGCAUUAGAGCUCACUCUGUUAGC,1
UCAGGUCGUAAGCUCCUGUAGACC,1
AUAAUACAAAAUCAUUGUGGAUUC,1
UAUUCGAUUCGUUAAACCCGUGAA,1
AAUGUGGGAUUACUUUUAACCAAU,1
AUUGGACCAAAAUGUGAGUAAUUU,1
UUUAAGACAGACAGACCAAAAACU,1
AAAGAACUUUAAAAAAAUGUCGCU,1
AAGAUUCUCUGCUCUUGAAGUU,1
AGGCUGAAUACCUGAGUACCCGAG,1
UAAAAGAGAACCAAGAAUGAUGAG,1
UAUAAAAACUCUUAAUCCCGAA,1
AUUGGAUAGAAGACUCAAAGUAGA,1
UGAGGACAAAAUUCGUGAAUAAUU,1
UACGAACCAUACGGAUUGACAAUC,1
GGCGAGAUCGAAUAAAUUAAAGGC,1
AUGUCGAGAUCACAAAUAUAAGGG,1
UUGGCCUGAACUGAACCAAACUGU,1
UCACAGUAACACCAUCGUCGCAGC,1
UCGCGAAGCUACCGUGCGUUGGAU,1
AACCAGUACGUUCCUUUUCCCA,1
AAACAUUCCGGAUGACGUUCUU,1
AUUUUGAGAGAAUCCAACAACAUU,1
UAUGAGUUGACUCUUGAGUAAACU,1
AAUUAUGUCAUGUGAAAUUUGCCU,1
CUCCGCACCAGGAACAACCAGAAU,1
AUCGGAAUUAUACUGAUAUUGCCU,1
CGAGCAAAGUUGUGCUUGGUGACU,1
AUUGCACAUUCAUGGACAAAAAUG,1
AAUCAUUGUUGGAAGAGAACAACC,1
CAGAUAGACCUGACAGAUUCGAACU,1
CGUGUGAGACACGGCAAGAAGCUG,1
UAUGAAUCAUACGGAUUGAUAAUC,1
AUAUGCAAAGAGACUGUUUUCGGA,1
UAAUGUUUGGACAAUUGGAUGGGU,1
AAGAAAGACUGAGAUAAUAAACU,1
ACUUGUGACCGCGUUUCUGAAGUU,1
AUUGUCUUCUGUAAAUGAUACU,1
CAACAAUGGAAUCUGAAUUUGU,1
UAUGAACUGGUUUUUAAGGGGACC,1
AAAACGGUAUCGUAGAACGAAAGC,1
GUAUGGACUGUAUGUCAUGGGGG,1
AAUUUUACGACGAUUUUGAACCGU,1
CUAUCCAAUGUACUUGUCCAC,1
AGCUCACGAUCAUCUUAGAAAAGU,1
CCUCAUACAAUGACUCUGUUU,1
UUAAGGCUACCUUUUGGACAUAAG,1
GUUUGGACGGAGCGGUUCUGACUC,1
AAUUAAUUGCGUUGGCACUGGCCU,1
AUUUUUUAUUUCUCGUUGGAUCCC,1
UUUCAUCGUCCAAUCAGAACGCGA,1
GAAUCAUUAGAUCUAAUAAGGAUU,1
CUUCUGACUGCACCCCUGAAA,1
UUAGCCUUUGAAUUGUAAAACCUC,1
UCCUCUCCCCAUCUGAAGAGA,1
UAACCCGUGGACUAUGCAGGAUUG,1
UUCGGACCAGGCUUCAUACCCC,1
GUAGAAAUCCACCACAACACAACG,1
UAAGUCGAGAAUGUUCAUGUAAAU,1
UUUCUUGGUUCGGACCGAAGAAGC,1
UUUGAAACCUUGUAGAAUUUUGCC,1
AUUGAACUUAAUGAAAAUGACAAU,1
AUGUCUGUGUUUGCUCAUUGG,1
AUAAAUCUCUCGGAUCCAUCACUU,1
UAAAGAUUGGAAGAGAAGUUGAAG,1
AAAUAUUGUAGUCAGGACAUGAUU,1
CAAAACAUGACCGUUGGGAACC,1
UUGUUCUUGGUUGUAUUUUUU,1
AUUGAUUACCAGACUCGUUGAAUC,1
AUUCUCCGGAGAAUGAGCCUC,1
CGAGGUACGCCGUGAAUUUUGACC,1
CCAACAAUUAUUGGGAAUUGU,1
AUGACCUAGCCAGACCCGAUCAGA,1
CUGGGGAAGCAAGUAGAUUU,1
AAAACGAAAAUGAGAGGCUGAAGA,1
CUUCCCUCCCUUUUUCAGCAAC,1
AUUUCGAGAUCCUUUUUGAUAACC,1
CUUACGGAACAGUCAACUAAC,1
UUUAGUAGAAUCUGAGUAAACUCU,1
UGAAUUAUAUAUGUUUGACGGACC,1
AACUCAUUCAGAACUUGAUGCACC,1
AUGGCUAGAGAAUGAGAGUUUCCC,1
GAAAAAGACUUUAAUAUCUCUGCC,1
CACGAAAGGAAUACGCGCGGAG,1
CAGUCAACAAACCCACUUGUU,1
ACCAGACUCUAGCUUAAGAACUUU,1
ACAAAGUAUUUGUGGCACCUUGAC,1
AUAUCAGCUACAAGAUCUACGACU,1
CCAAGUCGUAGACCUCUGUAGGCC,1
GAGAGCCUCUGUAUCUUUAACCU,1
UUCUACGACAGUAUUCCAAGAACC,1
UGUCGGUGGACUGCUCGAGCUU,1
UCAAGGACUUUGUCUGAAGGGU,1
UAAAAAUAUGAUGUUGAAUGACU,1
CGGAAUGACAGGAUGAAAUGACA,1
GUUGUCGGGAGAUUGUGGCAGAGA,1
CCCUAUACAUGAUCUUACGACUUU,1
CAAGGACGGGUAUCAAGUAACUAU,1
AAGUGUUUAUAUAGCUGGGUAGAC,1
CUAUCGCGAUUGAUAACAUGCCU,1
UUUAAUAUCUAGACUUGUUGGCCC,1
UUUAUUAAAAUAGUGUUGGGAUCC,1
UCGGGACGGAUUCGGACAGGUACC,1
ACUUUAAAGUGAUAGAAGGAUCCU,1
GUUGAUUUGUGAGGAUACAUGAAC,1
AUUCUUAAUACGGAUUGAUAAUCU,1
UACUCAUCUGAUCUCAUCCCGAGU,1
UCCAACCGAUGUAGAAUGUAGAGU,1
CGUUGAUUCGCACAAUUGGUCAU,1
UUAGUCAGCACCGAUGUAGUAACC,1
CAAAAGGGUAAUGGCAUAGAC,1
AAUCCCUGUAAACAAGAACCCGAA,1
GAGAAGUCAAAAAAUCAGGAAUGU,1
CAAUCCUAUCCGGAAUUUCUCA,1
UGCGAGUCAACGGGCGAGU,1
UCUAUCCGAUGUGAGACUUCACCU,1
AUUAAUGAAGAAGAUCUAAGGCCU,1
UCAUACCCACACAGCCUCUAGAUC,1
AUGUUUCAAUGGACUCAAAAUCUU,1
CGAAACUGGAGAUAAAUUGAGGGA,1
UUAAAACCAGUCUGUCAAUCAAUC,1
ACACUAAAGUUACUCUAAAUACU,1
UAUUGUCUCUAAACAUUUGACACU,1
GAGAACUAACAACCACAAAGGCAC,1
UAUUGUAAACUCUCAAUACAGUCU,1
CAUCCAAACAUACUCUGAAUGAGU,1
AGUAGACUUAGUUAACAUCGGUUU,1
UUAAUUAAAUUGGAACAGCUC,1
UGAGGCUCGAGACAUCUACGU,1
AGAGAACUUUGACUAAUUUAAAAU,1
UUUAACAAAGAUAGACUAAGACUU,1
AUUCUGAAGCUGAAGCACUAGA,1
AUGGACUUAGAUGAAAUCCAGCCU,1
CAGAUGGGAUCAAAGAAUUCAG,1
UCAUCAGCGUGAGGGAAGAGUCGC,1
UUCCAAACCAGGCAAGUCUGACUU,1
AAAAUAGGGGAGGAGCUUGCCACC,1
CGGAAGUUGAUUCAUGUAGCC,1
CAUCUGAGCAGCUGCUACCAUC,1
UAGUUAAAUUUAUGUGUUGUUGAU,1
UGAGGGAUGUCUGGAAUGUUCC,1
AAAUCAGACAAUGAACAAAUCCAU,1
UGACCAUUGAUCUAGUGACUUGGU,1
UUAGAAUAAACAUGUGUAUGGAUC,1
GCUUGACUCAACAAUUCUUGGAAU,1
UAGGAUCUUCUUCAUCAAUGAAUU,1
AGGCACCACGUCUAUCUCGGUAUC,1
AAUCUUACAGAGACUCGACUCGCCU,1
GGAAUGACGGUGUCGGGUGAUUGC,1
AUGACAACCAAUCUCUCAGAAUGU,1
UCAAUGUCUGUCAAAAAUUAACCU,1
GUCCUACUCAUUCUGAAUGCC,1
CACUCUGACACAAACCAAUAAGUU,1
AACACUGAUCUUCAUUAAAAGACG,1
AGAGGAUCAAGCUGGCCCUUG,1
CCGGCGACUCAUAGGCAGU,1
AAAUUACAUUAAUAAGAGGUACCG,1
CAAUUCCAGUAGGACUAACCAAA,1
UGAAAAUGGAUGACUAGUGCCU,1
GAGUCUAAACUCUUAGUUAGGGUC,1
UUAUUGUUGCAAAGACUCUAACU,1
UUUCGAGGACUAAAAUUUGAAUU,1
UUAGAUAAGAUUAUUAUGGAUAAU,1
UGAGGCCGAGGUUGAUAGAUUCCU,1
AACUAGAAAGAGACGUAGAAAUAA,1
CCCGCCACGUGGACAACAACUCGC,1
UAAUGGACUCAUGCUCUCGCUU,1
CUUCCAUAUGACUAGAUCUGUA,1
AAUUCUUCCCCUAUGUCUUGCC,1
CACCCCAAUAUUAUGUUUCAUG,1
UACCGUAUGAGAUUGUGGAACAUC,1
CACAGAUUCGAGACCUGCAUGGGC,1
UUUUUAAAAGCUUAGCAUGACCUG,1
UGUCCGGGUGUUCAACAUGUGUCC,1
CCCGGGUGGAGAAGGAUGAAGGCC,1
CUAAUGAGAUAAGGCUUUGUCGUU,1
ACAUCGGUUCUGUAGAAAAAUCGA,1
UCACUUAAAAGACAUGUAAAUCGCC,1
CUCUUUGGACUUGGUGCGUGAUCC,1
AUUUGAUUAAUGUCUGGACACCCA,1
AGAACGACAGUAGCAGUGAUUAUA,1
CUAGGCGUAGAGGAACCA,1
CCUGUGUUGCACGCUGAGCGAGAC,1
UUUGGGACUUCGAGUGUUGAAACU,1
CAUGUAUCGAACACUGGACACA,1
AAAGGACUACAACGCUCAAACAAG,1
CACAUAGAACUGCACCCGCCGG,1
UCCCAUGCAUAUGUGUCACAUU,1
UUUGCCUAGUAGAAAAUUGAGAA,1
CGCUCAAGGCUACCUGCCUAG,1
GCGGCGAGCGAGAGCGGAU,1
AUUGUCGUGACUACUAUUUGUCA,1
CCCUGCCGAAUCAACUAGCCCCG,1
CAACUGUGAAGAGUUCUUUGAUGU,1
CAAUCAAUUACUAUAUUCCUUCU,1
CAAGAUUAUCAGACUCACGAGUC,1
GCCCGGAUGCGUAUGUGACUGAUU,1
AAUUCUAAAAGGUACACAUGACUU,1
AGCUCCGUUGUGUUCAUCUGAAUG,1
UAGAAACAGAAAAAUUGAAC,1
UAGAGGAUUCUUGAACACAAGGGA,1
CUGAAUUCAAUGGGAUGUUGCC,1
CAUGACCGGGUGUAUCAAGCUCCUG,1
AAUCAUCUUAUGAAUGCAUCGUCU,1
CUUGAGAGACUCAAACACAAAGGG,1
AAAGUCGUUUCAGAAUAGAAUGCU,1
GGUCUGCUGCCAAUGCGAACGGAC,1
AGAGAAGAAACUGAAGCGGUGGCA,1
CGUUUUGAGAGUUGUGUUAAC,1
UAUAAUAAAUUUUGUGACAAUU,1
AAUCCAAUUAAGACUGCACAGAAU,1
UAUUUGUAUGCUGAAAUUGUU,1
UUAAAAACCGUCUUAGAAAAUAGU,1
AGCUAAAACAGAUUCUAGACAC,1
UCCAAGAGUGUAUUAUGUAAGAAU,1
GAAAAUGUAGACUUAUGUACU,1
AUUCCGUAGGUCAUUGUGUAUGUA,1
CUUUUGAGGAUAGGUUUUGCC,1
